ID	Description	setSize	enrichmentScore	NES	pvalue	p.adjust	qvalue	rank	leading_edge	core_enrichment
hsa04820	Cytoskeleton in muscle cells	201	-0.444517826325579	-1.68319918343083	3.19328642774804e-05	0.0111445696328407	0.0100168353207254	2729	tags=30%, list=14%, signal=26%	6442/7094/1605/3693/1837/22795/29895/752/1297/58529/1286/79784/375790/1829/7168/7057/1301/4629/6444/1299/3690/6640/3339/25802/6383/7137/22801/57159/4606/70/3691/7060/131873/10529/4624/3672/3676/84675/64236/8515/1293/5318/272/129446/127294/9124/27295/7135/1290/633/171024/51332/4892/7134/4634/1277/58498/4620/10398/7273/58
